Health,http://www.nih.gov
Health,http://www.webmd.com
Health,http://www.ncbi.nlm.nih.gov/pubmed
Health,http://www.myfitnesspal.com
Health,http://www.ncbi.nlm.nih.gov/pmc/
Health,http://www.mayoclinic.org
Health,http://www.drugs.com
Health,http://www.mayoclinic.org/diseases-conditions
Health,http://www.cdc.gov
Health,http://www.medscape.com
Health,http://www.weightwatchers.com
Health,http://www.medicinenet.com
Health,http://www.healthgrades.com
Health,http://www.kaiserpermanente.org/
Health,http://www.psychologytoday.com
Health,http://www.nhs.uk
Health,http://www.health.com
Health,http://www.who.int
Health,http://www.mercola.com
Health,http://www.menshealth.com
Health,http://www.mensfitness.com
Health,http://www.emedicine.medscape.com
Health,http://www.prevention.com
Health,http://www.fda.gov
Health,http://www.express-scripts.com
Health,http://www.foxnews.com/health/
Health,http://www.self.com
Health,http://www.apa.org
Health,http://www.authoritynutrition.com
Health,http://www.zocdoc.com
Health,http://www.patient.info
Health,http://www.cancer.org
Health,http://www.rxlist.com
Health,http://www.heart.org
Health,http://www.biomedcentral.com
Health,http://www.totalbeauty.com
Health,http://www.kidshealth.org
Health,http://www.studentdoctor.net
Health,http://www.petmd.com
Health,http://www.webmd.com/skin-problems-and-treatments/default.htm
Health,http://www.bmj.com
Health,http://www.clevelandclinic.org
Health,http://www.makeupalley.com
Health,http://www.top10homeremedies.com
Health,http://www.fitnessmagazine.com
Health,http://www.paulaschoice.com
Health,http://www.spine-health.com
Health,http://www.sharecare.com
Health,http://www.sdsu.edu
Health,http://www.vitals.com
Health,http://www.sutterhealth.org
Health,http://www.cancer.gov
Health,http://www.nejm.org
Health,http://www.aafp.org
Health,http://www.labcorp.com
Health,http://www.hopkinsmedicine.org
Health,http://www.diabetes.org
Health,http://www.osha.gov
Health,http://www.allnurses.com
Health,http://www.labtestsonline.org
Health,http://www.goodrx.com
Health,http://www.clinicaltrials.gov
Health,http://www.fema.gov
Health,http://www.healthboards.com
Health,http://www.nuance.com
Health,http://www.alz.org
Health,http://www.aamc.org
Health,http://www.rodalesorganiclife.com
Health,http://www.providence.org
Health,http://www.webmd.com/allergies/default.htm
Health,http://www.partners.org
Health,http://www.doctor.webmd.com
Health,http://www.mckesson.com
Health,http://www.drweil.com
Health,http://www.calorieking.com/foods/
Health,http://www.dogfoodadvisor.com
Health,http://www.netdoctor.co.uk
Health,http://www.plannedparenthood.org
Health,http://www.examine.com
Health,http://www.webmd.com/men/
Health,http://www.nationalmssociety.org
Health,http://www.hse.gov.uk
Health,http://www.upmc.com
Health,http://www.aaos.org
Health,http://www.webmd.com/brain/default.htm
Health,http://www.additudemag.com
Health,http://www.atkins.com
Health,http://www.med.umich.edu
Health,http://www.24hourfitness.com
Health,http://www.urmc.rochester.edu
Health,http://www.thelancet.com
Health,http://www.redcrossblood.org
Health,http://www.niddk.nih.gov
Health,http://www.circ.ahajournals.org
Health,http://www.asha.org
Health,http://www.nbcnews.com/health
Health,http://www.drugabuse.gov
Health,http://www.fitpregnancy.com
Health,http://www.webmd.com/eye-health/default.htm
Health,http://www.cerner.com/
Health,http://www.healthstream.com
Health,http://www.mayoclinic.org/drugs-supplements
Health,http://www.tonyrobbins.com
Health,http://www.ps.google.com/forum/#!forum/exchange-forum
Health,http://www.jama.jamanetwork.com
Health,http://www.ewg.org/skindeep/
Health,http://www.nimh.nih.gov
Health,http://www.mdanderson.org
Health,http://www.epic.com
Health,http://www.greatclips.com
Health,http://www.webmd.com/depression/default.htm
Health,http://www.familydoctor.org
Health,http://www.naturallycurly.com
Health,http://www.tums.ac.ir
Health,http://www.massageenvy.com
Health,http://www.cqu.edu.au
Health,http://www.webmd.com/cancer
Health,http://www.cdc.gov/nchs/
Health,http://www.mskcc.org
Health,http://www.ama-assn.org
Health,http://www.cdc.gov/vaccines/
Health,http://www.montgomerycountymd.gov
Health,http://www.ahrq.gov
Health,http://www.stjude.org
Health,http://www.ideafit.com
Health,http://www.breastcancer.org
Health,http://www.ninds.nih.gov
Health,http://www.nutrition.org
Health,http://www.samhsa.gov
Health,http://www.kevinmd.com