Arts,http://www.youtube.com
Arts,http://www.facebook.com/#!/jeffdunham
Arts,http://www.twitter.com/#!/nbctheevent
Arts,http://www.imdb.com
Arts,http://www.cnn.com
Arts,http://www.espn.go.com
Arts,http://www.bbc.co.uk
Arts,http://www.weather.com
Arts,http://www.foxnews.com
Arts,http://www.livejournal.com
Arts,http://www.bbc.co.uk/news/
Arts,http://www.deviantart.com
Arts,http://www.hulu.com
Arts,http://www.pandora.com
Arts,http://www.spotify.com
Arts,http://www.ndtv.com
Arts,http://www.ign.com
Arts,http://www.scribd.com
Arts,http://www.nbcnews.com
Arts,http://www.npr.org
Arts,http://www.azlyrics.com
Arts,http://www.money.cnn.com
Arts,http://www.rottentomatoes.com
Arts,http://www.cbsnews.com
Arts,http://www.abcnews.go.com
Arts,http://www.urbandictionary.com
Arts,http://www.foodnetwork.com
Arts,http://www.vice.com
Arts,http://www.tmz.com
Arts,http://www.cnbc.com
Arts,http://www.gawker.com
Arts,http://www.popsugar.com
Arts,http://www.sky.com
Arts,http://www.wired.com
Arts,http://www.ew.com
Arts,http://www.cbs.com
Arts,http://www.ultimate-guitar.com
Arts,http://www.eonline.com
Arts,http://www.theatlantic.com
Arts,http://www.fanfiction.net
Arts,http://www.deezer.com
Arts,http://www.rollingstone.com
Arts,http://www.fandango.com
Arts,http://www.cbc.ca
Arts,http://www.pbs.org
Arts,http://www.archiveofourown.org
Arts,http://www.salon.com
Arts,http://www.tvguide.com
Arts,http://www.discogs.com
Arts,http://www.today.com
Arts,http://www.foxsports.com
Arts,http://www.foxnews.com/entertainment/
Arts,http://www.abc.net.au
Arts,http://www.abc.go.com
Arts,http://www.directv.com
Arts,http://www.cbc.ca/news/
Arts,http://www.newyorker.com
Arts,http://www.hollywoodreporter.com
Arts,http://www.last.fm
Arts,http://www.xkcd.com
Arts,http://www.metrolyrics.com
Arts,http://www.ravelry.com
Arts,http://www.nbc.com
Arts,http://www.metacritic.com
Arts,http://www.billboard.com/#/news/phair-play-liz-indulges-in-the-major-label-1933414.story
Arts,http://www.variety.com
Arts,http://www.avclub.com
Arts,http://www.ksl.com
Arts,http://www.cc.com
Arts,http://www.mtv.com
Arts,http://www.gocomics.com
Arts,http://www.facebook.com/
Arts,http://www.sparknotes.com
Arts,http://www.history.com
Arts,http://www.siriusxm.com
Arts,http://www.heavy.com
Arts,http://www.tv.com
Arts,http://www.abc.net.au/news/
Arts,http://www.pbskids.org
Arts,http://www.screenrant.com
Arts,http://www.amc.com
Arts,http://www.pitchfork.com
Arts,http://www.boxofficemojo.com
Arts,http://www.cox.com
Arts,http://www.whatculture.com
Arts,http://www.hgtv.com
Arts,http://www.travelchannel.com
Arts,http://www.owl.english.purdue.edu
Arts,http://www.easybib.com
Arts,http://www.allmusic.com
Arts,http://www.filmaffinity.com
Arts,http://www.sankakucomplex.com
Arts,http://www.elle.com
Arts,http://www.skyscrapercity.com
Arts,http://www.canon.com
Arts,http://www.wimp.com
Arts,http://www.tvtropes.org
Arts,http://www.nick.com
Arts,http://www.ralphlauren.com
Arts,http://www.questionablecontent.net
Arts,http://www.boingboing.net
Arts,http://www.britishcouncil.org
Arts,http://www.bbc.co.uk/radio
Arts,http://www.mtv.com/news/
Arts,http://www.harpersbazaar.com
Arts,http://www.theguardian.com/film
Arts,http://www.comicbookresources.com
Arts,http://www.rai.it
Arts,http://www.discovery.com
Arts,http://www.biography.com
Arts,http://www.smbc-comics.com
Arts,http://www.cwtv.com
Arts,http://www.songkick.com
Arts,http://www.marieclaire.com
Arts,http://www.yahoo.com/
Arts,http://www.pokemon.com
Arts,http://www.tsn.ca
Arts,http://www.etonline.com
Arts,http://www.b92.net
Arts,http://www.archdaily.com
Computers,http://www.google.com
Computers,http://www.youtube.com/
Computers,http://www.facebook.com/
Computers,http://www..google.com/
Computers,http://www.yahoo.com
Computers,http://www.ter.com/
Computers,http://www..google.com/
Computers,http://www.mail.yahoo.com
Computers,http://www.en.wikipedia.org
Computers,http://www.msn.com
Computers,http://www.bing.com/
Computers,http://www.linkedin.com/
Computers,http://www.search.yahoo.com
Computers,http://www.mail.live.com
Computers,http://www.pinterest.com/
Computers,http://www.microsoft.com/
Computers,http://www.plus.google.com
Computers,http://www.wordpress.com
Computers,http://www.paypal.com
Computers,http://www.tumblr.com
Computers,http://www.apple.com
Computers,http://www.imgur.com
Computers,http://www.stackoverflow.com
Computers,http://www.ask.com
Computers,http://www.ub.com/
Computers,http://www.office.com
Computers,http://www..google.com/
Computers,http://www.go.com
Computers,http://www.blogger.com/
Computers,http://www.dropbox.com/
Computers,http://www.adobe.com
Computers,http://www.wikia.com
Computers,http://www.alexa.com
Computers,http://www.huffingtonpost.com
Computers,http://www.google.com/adsense/
Computers,http://www.google.com/analytics/
Computers,http://www.aol.com
Computers,http://www.soundcloud.com
Computers,http://www.slideshare.net
Computers,http://www.cnet.com
Computers,http://www.salesforce.com
Computers,http://www.mediafire.com
Computers,http://www.flickr.com
Computers,http://www.feedly.com
Computers,http://www.godaddy.com
Computers,http://www.o.com/
Computers,http://www.intuit.com
Computers,http://www.mozilla.org/
Computers,http://www.livejournal.com
Computers,http://www.thepiratebay.se
Computers,http://www.about.com
Computers,http://www.skype.com
Computers,http://www.techdigit.nz/
Computers,http://www.speedtest.net
Computers,http://www.wordpress.org
Computers,http://www.ive.org/
Computers,http://www.msdn.microsoft.com
Computers,http://www.hp.com
Computers,http://www.rediff.com
Computers,http://www.sourceforge.net
Computers,http://www.dell.com
Computers,http://www.aws.amazon.com
Computers,http://www.trello.com
Computers,http://www.mailchimp.com
Computers,http://www.oracle.com
Computers,http://www.zendesk.com
Computers,http://www.badoo.com
Computers,http://www.mashable.com
Computers,http://www.developers.facebook.com
Computers,http://www.avg.com
Computers,http://www.blackboard.com
Computers,http://www.evernote.com
Computers,http://www.download.cnet.com
Computers,http://www.engadget.com
Computers,http://www.scribd.com
Computers,http://www.myway.com
Computers,http://www.box.com/
Computers,http://www.java.com
Computers,http://www.hootsuite.com
Computers,http://www.4shared.com/
Computers,http://www.support.microsoft.com
Computers,http://www.lifehacker.com
Computers,http://www.shopify.com
Computers,http://www.newegg.com
Computers,http://www.surveymonkey.com
Computers,http://www.answers.com
Computers,http://www.meetup.com
Computers,http://www.bongacams.com
Computers,http://www.google.com/chrome/
Computers,http://www.stumbleupon.com
Computers,http://www.fiverr.com
Computers,http://www.xda-developers.com
Computers,http://www.zoho.com
Computers,http://www.squarespace.com
Computers,http://www.2.verizon.com
Computers,http://www.ps.google.com/
Computers,http://www.photobucket.com
Computers,http://www.lenovo.com
Computers,http://www.tdeck.twitter.com/
Computers,http://www.uploaded.net
Computers,http://www.ibm.com/
Computers,http://www.techcrunch.com
Computers,http://www.custhelp.com
Computers,http://www.mcafee.com
Computers,http://www.constantcontact.com
Computers,http://www.asus.com
Computers,http://www.cisco.com
Computers,http://www.filehippo.com
Computers,http://www.okcupid.com
Computers,http://www.php.net
Computers,http://www.wattpad.com
Computers,http://www.prezi.com
Computers,http://www.bidvertiser.com
Computers,http://www.howtogeek.com
Computers,http://www.pcmag.com
Computers,http://www.my.yahoo.com
Computers,http://www.android.com
Computers,http://www.duckgo.com/
Computers,http://www.support.mozilla.org
Computers,http://www.php.net/manual/
Recreation,http://www.booking.com/
Recreation,http://www.tripadvisor.com
Recreation,http://www.9gag.com
Recreation,http://www.expedia.com
Recreation,http://www.southwest.com
Recreation,http://www.hotels.com
Recreation,http://www.xe.com
Recreation,http://www.kayak.com
Recreation,http://www.zomato.com
Recreation,http://www.delta.com
Recreation,http://www.aa.com
Recreation,http://www.agoda.com
Recreation,http://www.priceline.com
Recreation,http://www.united.com
Recreation,http://www.hilton.com
Recreation,http://www.marriott.com
Recreation,http://www.ryanair.com
Recreation,http://www.cracked.com
Recreation,http://www.opentable.com
Recreation,http://www.vrbo.com
Recreation,http://www.flightradar24.com
Recreation,http://www.jalopnik.com
Recreation,http://www.lego.com
Recreation,http://www.ana.co.jp
Recreation,http://www.orbitz.com
Recreation,http://www.emirates.com
Recreation,http://www.travelocity.com
Recreation,http://www.homeaway.com
Recreation,http://www.easyjet.com
Recreation,http://www.jal.co.jp
Recreation,http://www.lonelyplanet.com
Recreation,http://www.autoblog.com
Recreation,http://www.britishairways.com
Recreation,http://www.eyworld.disney.go.com/
Recreation,http://www.hotwire.com
Recreation,http://www.caranddriver.com
Recreation,http://www.timeout.com
Recreation,http://www.theonion.com
Recreation,http://www.ford.com
Recreation,http://www.qatarairways.com
Recreation,http://www.travel.state.gov
Recreation,http://www.hyatt.com
Recreation,http://www.turkishairlines.com
Recreation,http://www.grubhub.com
Recreation,http://www.popularmechanics.com
Recreation,http://www.alaskaair.com
Recreation,http://www.collegehumor.com
Recreation,http://www.lufthansa.com
Recreation,http://www.tinkoff.ru/
Recreation,http://www.trivago.com
Recreation,http://www.couchsurfing.com/
Recreation,http://www.travelzoo.com
Recreation,http://www.petfinder.com
Recreation,http://www.honda.com
Recreation,http://www.geocaching.com
Recreation,http://www.saudiairlines.com
Recreation,http://www.lan.com
Recreation,http://www.klm.com/
Recreation,http://www.chowhound.com
Recreation,http://www.ebaumsworld.com
Recreation,http://www.cathaypacific.com
Recreation,http://www.spirit.com
Recreation,http://www.carnival.com
Recreation,http://www.accorhotels.com
Recreation,http://www.skyscanner.com
Recreation,http://www.foodandwine.com
Recreation,http://www.aeroflot.ru
Recreation,http://www.ar15.com
Recreation,http://www.loc.gov
Recreation,http://www.flyfrontier.com
Recreation,http://www.hostelworld.com
Recreation,http://www.book.goindigo.in
Recreation,http://www.aircanada.com
Recreation,http://www.royalcaribbean.com
Recreation,http://www.jetairways.com
Recreation,http://www.travelandleisure.com
Recreation,http://www.choicehotels.com
Recreation,http://www.chevrolet.com
Recreation,http://www.koreanair.com
Recreation,http://www.cebupacificair.com
Recreation,http://www.iberia.com
Recreation,http://www.volvocars.com
Recreation,http://www.fodors.com
Recreation,http://www.cntraveler.com
Recreation,http://www.ncl.com
Recreation,http://www.somethingawful.com
Recreation,http://www.porsche.com
Recreation,http://www.wikitravel.org
Recreation,http://www.allegiantair.com
Recreation,http://www.automobiles.honda.com
Recreation,http://www.straightdope.com
Recreation,http://www.amadeus.net/
Recreation,http://www.expedia.ca
Recreation,http://www.head-fi.org
Recreation,http://www.roadandtrack.com
Recreation,http://www.mta.info
Recreation,http://www.rcgroups.com
Recreation,http://www.suzuki.co.jp
Recreation,http://www.nissanusa.com
Recreation,http://www.airliners.net
Recreation,http://www.topgear.com
Recreation,http://www.airberlin.com
Recreation,http://www.princess.com
Recreation,http://www.atlasobscura.com
Recreation,http://www.disneyland.disney.go.com
Recreation,http://www.bmwusa.com
Recreation,http://www.virtualtourist.com
Recreation,http://www.bestwestern.com
Recreation,http://www.alitalia.com
Recreation,http://www.jeep.com
Recreation,http://www.beeradvocate.com
Recreation,http://www.rci.com
Recreation,http://www.reserveamerica.com
Recreation,http://www.ixigo.com/
Recreation,http://www.themoneyconverter.com
Recreation,http://www.subaru.com
Recreation,http://www.x-rates.com
Recreation,http://www.motortrend.com
Recreation,http://www.spicejet.com
Recreation,http://www.mandatory.com
Sports,http://www.espn.go.com
Sports,http://www.espncricinfo.com
Sports,http://www.sports.yahoo.com
Sports,http://www.cbssports.com
Sports,http://www.cricbuzz.com
Sports,http://www.bleacherreport.com
Sports,http://www.goal.com
Sports,http://www.nba.com
Sports,http://www.espn.go.com/mens-college-basketball/
Sports,http://www.livescore.com
Sports,http://www.ncaa.com
Sports,http://www.nhl.com
Sports,http://www.espn.go.com/nfl/
Sports,http://www.deadspin.com
Sports,http://www.nfl.com
Sports,http://www.espn.go.com/mlb/
Sports,http://www.mlb.mlb.com
Sports,http://www.skysports.com
Sports,http://www.strava.com
Sports,http://www.nbcsports.com
Sports,http://www.foxsports.com
Sports,http://www.wwe.com
Sports,http://www.rei.com
Sports,http://www.sbnation.com
Sports,http://www.si.com
Sports,http://www.premierleague.com
Sports,http://www.cbssports.com/collegebasketball/
Sports,http://www.flashscore.com
Sports,http://www.baseball.fantasysports.yahoo.com
Sports,http://www.uefa.com
Sports,http://www.baseball.fantasysports.yahoo.com/b1
Sports,http://www.soccerway.com
Sports,http://www.skysports.com/football/
Sports,http://www.theguardian.com/football
Sports,http://www.filgoal.com
Sports,http://www.rivals.com
Sports,http://www.espn.go.com/nhl/
Sports,http://www.rotoworld.com
Sports,http://www.profootballtalk.nbcsports.com
Sports,http://www.espnfc.us
Sports,http://www.scout.com
Sports,http://www.active.com
Sports,http://www.hattrick.org
Sports,http://www.atpworldtour.com
Sports,http://www.formula1.com
Sports,http://www.theguardian.com/sport
Sports,http://www.fifa.com
Sports,http://www.runnersworld.com
Sports,http://www.tsn.ca
Sports,http://www.pgatour.com
Sports,http://www.ports.yahoo.com/
Sports,http://www.sports.yahoo.com/nba/
Sports,http://www.muscleandfitness.com
Sports,http://www.redbull.com
Sports,http://www.crossfit.com
Sports,http://www.iplt20.com
Sports,http://www.eurosport.com
Sports,http://www.sportinglife.com
Sports,http://www.newsnow.co.uk/h/sport/football
Sports,http://www.nascar.com
Sports,http://www.cbssports.com/nba/
Sports,http://www.masters.com
Sports,http://www.sportingnews.com
Sports,http://www.motorsport.com
Sports,http://www.zeenews.india.com/sports/
Sports,http://www.baseball-reference.com
Sports,http://www.sherdog.com
Sports,http://www.afl.com.au
Sports,http://www.mmafighting.com
Sports,http://www.hkjc.com
Sports,http://www.sports.yahoo.com/mlb/
Sports,http://www.givemesport.com
Sports,http://www.fcbarcelona.com
Sports,http://www.ufc.com
Sports,http://www.insider.espn.go.com
Sports,http://www.racingpost.com
Sports,http://www.arsenal.com
Sports,http://www.maxpreps.com
Sports,http://www.liverpoolfc.com
Sports,http://www.pinkbike.com
Sports,http://www.cbssports.com/mlb
Sports,http://www.manutd.com
Sports,http://www.golfchannel.com
Sports,http://www.bikeradar.com
Sports,http://www.cricket.com.au
Sports,http://www.sports.yahoo.com/fantasy/
Sports,http://www.wrestlezone.com
Sports,http://www.espn.go.com/golf/
Sports,http://www.basketball-reference.com
Sports,http://www.fangraphs.com
Sports,http://www.cbssports.com/fantasy
Sports,http://www.foxsports.com.au
Sports,http://www.ronaldo7.net
Sports,http://www.mlssoccer.com
Sports,http://www.realgm.com
Sports,http://www.cyclingnews.com
Sports,http://www.motogp.com/en/
Sports,http://www.whoscored.com
Sports,http://www.wrestlinginc.com
Sports,http://www.football365.com
Sports,http://www.espncricinfo.com/ci/content/player/
Sports,http://www.games.espn.go.com/frontpage
Sports,http://www.bbc.com/sport/cricket
Sports,http://www.usatoday.com/sports/
Sports,http://www.mmajunkie.com
Sports,http://www.latimes.com/sports/
Sports,http://www.baseball-reference.com/players/
Sports,http://www.mapmyrun.com
Sports,http://www.thebiglead.com
Sports,http://www.t-nation.com
Sports,http://www.bloodyelbow.com
Sports,http://www.chicagotribune.com/sports/
Sports,http://www.wtatennis.com
Sports,http://www.xscores.com
Sports,http://www.bicycling.com
Sports,http://www.autosport.com
Sports,http://www.golfdigest.com
Sports,http://www.foxsports.com/nfl
Sports,http://www.tsn.ca/nhl/
Sports,http://www.mlbtraderumors.com
News,http://www.reddit.com/
News,http://www.cnn.com
News,http://www.nytimes.com
News,http://www.news.yahoo.com
News,http://www.huffingtonpost.com
News,http://www..google.com/
News,http://www.weather.com
News,http://www.theguardian.com
News,http://www.forbes.com
News,http://www.foxnews.com
News,http://www.timesofindia.indiatimes.com
News,http://www.bbc.co.uk/news/
News,http://www.shutterstock.com
News,http://www.usatoday.com
News,http://www.accuweather.com
News,http://www.bloomberg.com
News,http://www.wsj.com
News,http://www.reuters.com
News,http://www.nbcnews.com
News,http://www.wunderground.com
News,http://www.money.cnn.com
News,http://www.economictimes.indiatimes.com
News,http://www.drudgereport.com
News,http://www.cbsnews.com
News,http://www.abcnews.go.com
News,http://www.indianexpress.com
News,http://www.latimes.com
News,http://www.time.com
News,http://www.nypost.com
News,http://www.cnbc.com
News,http://www.chron.com
News,http://www.my.yahoo.com
News,http://www.weather.gov
News,http://www.thehindu.com
News,http://www.sfgate.com
News,http://www.theatlantic.com
News,http://www.usnews.com
News,http://www.breitbart.com
News,http://www.theguardian.com/world
News,http://www.navbharattimes.indiatimes.com
News,http://www.topix.com
News,http://www.fortune.com
News,http://www.nationalgeographic.com
News,http://www.bankrate.com
News,http://www.chicagotribune.com
News,http://www.hindustantimes.com
News,http://www.eenadu.net
News,http://www.manoramaonline.com
News,http://www.news.com.au
News,http://www.cbc.ca/news/
News,http://www.hollywoodreporter.com
News,http://www.thehill.com
News,http://www.smh.com.au
News,http://www.alarabiya.net
News,http://www.economist.com
News,http://www.variety.com
News,http://www.dnaindia.com
News,http://www.yr.no
News,http://www.newsnow.co.uk
News,http://www.dw.com
News,http://www.ap.org
News,http://www.amarujala.com
News,http://www.newsmax.com
News,http://www.theonion.com
News,http://www.bdnews24.com
News,http://www.bostonglobe.com
News,http://www.nj.com
News,http://www.news.sky.com
News,http://www.examiner.com
News,http://www.business-standard.com
News,http://www.andhrajyothy.com
News,http://www.rawstory.com
News,http://www.aljazeera.com
News,http://www.theglobeandmail.com
News,http://www.owl.english.purdue.edu
News,http://www.yonhapnews.co.kr
News,http://www.anandabazar.com
News,http://www.washingtontimes.com
News,http://www.adweek.com
News,http://www.seattletimes.com
News,http://www.newsweek.com
News,http://www.prnewswire.com
News,http://www.intellicast.com
News,http://www.philly.com
News,http://www.mathrubhumi.com
News,http://www.freep.com
News,http://www.metafilter.com
News,http://www.dallasnews.com
News,http://www.fark.com
News,http://www.theage.com.au
News,http://www.zougla.gr
News,http://www.thestar.com
News,http://www.azcentral.com
News,http://www.euronews.com
News,http://www.irna.ir
News,http://www.startribune.com
News,http://www.livemint.com
News,http://www.theweek.com
News,http://www.deccanchronicle.com
News,http://www.ajc.com
News,http://www.al.com
News,http://www.csmonitor.com
News,http://www.upi.com
News,http://www.her.yahoo.com/
News,http://www.ctvnews.ca
News,http://www.washingtonexaminer.com
News,http://www.france24.com
News,http://www.voanews.com
News,http://www.alternet.org
News,http://www.stltoday.com
News,http://www.denverpost.com
News,http://www.radar.weather.gov
News,http://www.financialexpress.com
News,http://www.observer.com
News,http://www.mercurynews.com
News,http://www.lexisnexis.com
News,http://www.suntimes.com
News,http://www.newser.com
News,http://www.rd.com
News,http://www.bbc.co.uk/news/business/
Business,http://www.paypal.com
Business,http://www.office.com
Business,http://www.alibaba.com
Business,http://www.chase.com/
Business,http://www.espn.go.com
Business,http://www.bankofamerica.com
Business,http://www.zillow.com
Business,http://www.wellsfargo.com
Business,http://www.indeed.com
Business,http://www.forbes.com
Business,http://www.target.com
Business,http://www.finance.yahoo.com
Business,http://www.americanexpress.com
Business,http://www.hdfcbank.com
Business,http://www.skype.com
Business,http://www.capitalone.com
Business,http://www.shutterstock.com
Business,http://www.icicibank.com
Business,http://www.ups.com
Business,http://www.fedex.com
Business,http://www.samsung.com
Business,http://www.att.com
Business,http://www.verizonwireless.com
Business,http://www.bloomberg.com
Business,http://www.wsj.com
Business,http://www.reuters.com
Business,http://www.irs.gov
Business,http://www.hm.com
Business,http://www.scribd.com
Business,http://www.fidelity.com
Business,http://www.realtor.com
Business,http://www.money.cnn.com
Business,http://www.costco.com
Business,http://www.verizon.com
Business,http://www.economictimes.indiatimes.com
Business,http://www.adp.com
Business,http://www.cbsnews.com
Business,http://www.eventbrite.com
Business,http://www.techcrunch.com
Business,http://www.usaa.com
Business,http://www.constantcontact.com
Business,http://www.webex.com
Business,http://www.investing.com
Business,http://www.cisco.com
Business,http://www.usbank.com
Business,http://www.nypost.com
Business,http://www.sears.com
Business,http://www.behance.net
Business,http://www.jcpenney.com
Business,http://www.123rf.com
Business,http://www.audible.com
Business,http://www.indianrail.gov.in
Business,http://www.zara.com
Business,http://www.shareasale.com
Business,http://www.t-mobile.com
Business,http://www.bt.com
Business,http://www.bankmellat.ir
Business,http://www.merriam-webster.com
Business,http://www.intel.com
Business,http://www.investopedia.com
Business,http://www.springer.com
Business,http://www.marketwatch.com
Business,http://www.aweber.com
Business,http://www.wiley.com
Business,http://www.eonline.com
Business,http://www.uber.com/
Business,http://www.garmin.com
Business,http://www.monster.com
Business,http://www.axisbank.com
Business,http://www.schwab.com
Business,http://www.dreamstime.com
Business,http://www.commbank.com.au
Business,http://www.istockphoto.com
Business,http://www.royalbank.com
Business,http://www.discover.com
Business,http://www.onlinelibrary.wiley.com
Business,http://www.ixa.es/
Business,http://www.fortune.com
Business,http://www.bankrate.com
Business,http://www.td.com
Business,http://www.entrepreneur.com
Business,http://www.mediaplex.com
Business,http://www.inc.com
Business,http://www.sprint.com
Business,http://www.fool.com
Business,http://www.teslamotors.com
Business,http://www.sitepoint.com
Business,http://www.vanguard.com
Business,http://www.fnb.co.za
Business,http://www.vistaprint.com
Business,http://www.msn.com/en-us/money
Business,http://www.lg.com
Business,http://www.dhl.com
Business,http://www.lego.com
Business,http://www.freelancer.com
Business,http://www.tradedoubler.com
Business,http://www.ft.com
Business,http://www.starbucks.com
Business,http://www.bizjournals.com
Business,http://www.disney.com
Business,http://www.dominos.com
Business,http://www.careerbuilder.com
Business,http://www.tdbank.com
Business,http://www.hrblock.com
Business,http://www.economist.com
Business,http://www.angieslist.com
Business,http://www.zdnet.com
Business,http://www.bbt.com
Business,http://www.scotiabank.com
Business,http://www.ccavenue.com
Business,http://www.kaiserpermanente.org/
Business,http://www.wmtransfer.com
Business,http://www.globaltestmarket.com
Business,http://www.icbc.com.cn
Business,http://www.zazzle.com
Business,http://www.pizzahut.com
Business,http://www.ibtimes.com
Business,http://www.cc.com
Business,http://www.kmart.com
Business,http://www.westpac.com.au
Health,http://www.nih.gov
Health,http://www.webmd.com
Health,http://www.ncbi.nlm.nih.gov/pubmed
Health,http://www.myfitnesspal.com
Health,http://www.ncbi.nlm.nih.gov/pmc/
Health,http://www.mayoclinic.org
Health,http://www.drugs.com
Health,http://www.mayoclinic.org/diseases-conditions
Health,http://www.cdc.gov
Health,http://www.medscape.com
Health,http://www.weightwatchers.com
Health,http://www.medicinenet.com
Health,http://www.healthgrades.com
Health,http://www.kaiserpermanente.org/
Health,http://www.psychologytoday.com
Health,http://www.nhs.uk
Health,http://www.health.com
Health,http://www.who.int
Health,http://www.mercola.com
Health,http://www.menshealth.com
Health,http://www.mensfitness.com
Health,http://www.emedicine.medscape.com
Health,http://www.prevention.com
Health,http://www.fda.gov
Health,http://www.express-scripts.com
Health,http://www.foxnews.com/health/
Health,http://www.self.com
Health,http://www.apa.org
Health,http://www.authoritynutrition.com
Health,http://www.zocdoc.com
Health,http://www.patient.info
Health,http://www.cancer.org
Health,http://www.rxlist.com
Health,http://www.heart.org
Health,http://www.biomedcentral.com
Health,http://www.totalbeauty.com
Health,http://www.kidshealth.org
Health,http://www.studentdoctor.net
Health,http://www.petmd.com
Health,http://www.webmd.com/skin-problems-and-treatments/default.htm
Health,http://www.bmj.com
Health,http://www.clevelandclinic.org
Health,http://www.makeupalley.com
Health,http://www.top10homeremedies.com
Health,http://www.fitnessmagazine.com
Health,http://www.paulaschoice.com
Health,http://www.spine-health.com
Health,http://www.sharecare.com
Health,http://www.sdsu.edu
Health,http://www.vitals.com
Health,http://www.sutterhealth.org
Health,http://www.cancer.gov
Health,http://www.nejm.org
Health,http://www.aafp.org
Health,http://www.labcorp.com
Health,http://www.hopkinsmedicine.org
Health,http://www.diabetes.org
Health,http://www.osha.gov
Health,http://www.allnurses.com
Health,http://www.labtestsonline.org
Health,http://www.goodrx.com
Health,http://www.clinicaltrials.gov
Health,http://www.fema.gov
Health,http://www.healthboards.com
Health,http://www.nuance.com
Health,http://www.alz.org
Health,http://www.aamc.org
Health,http://www.rodalesorganiclife.com
Health,http://www.providence.org
Health,http://www.webmd.com/allergies/default.htm
Health,http://www.partners.org
Health,http://www.doctor.webmd.com
Health,http://www.mckesson.com
Health,http://www.drweil.com
Health,http://www.calorieking.com/foods/
Health,http://www.dogfoodadvisor.com
Health,http://www.netdoctor.co.uk
Health,http://www.plannedparenthood.org
Health,http://www.examine.com
Health,http://www.webmd.com/men/
Health,http://www.nationalmssociety.org
Health,http://www.hse.gov.uk
Health,http://www.upmc.com
Health,http://www.aaos.org
Health,http://www.webmd.com/brain/default.htm
Health,http://www.additudemag.com
Health,http://www.atkins.com
Health,http://www.med.umich.edu
Health,http://www.24hourfitness.com
Health,http://www.urmc.rochester.edu
Health,http://www.thelancet.com
Health,http://www.redcrossblood.org
Health,http://www.niddk.nih.gov
Health,http://www.circ.ahajournals.org
Health,http://www.asha.org
Health,http://www.nbcnews.com/health
Health,http://www.drugabuse.gov
Health,http://www.fitpregnancy.com
Health,http://www.webmd.com/eye-health/default.htm
Health,http://www.cerner.com/
Health,http://www.healthstream.com
Health,http://www.mayoclinic.org/drugs-supplements
Health,http://www.tonyrobbins.com
Health,http://www.ps.google.com/forum/#!forum/exchange-forum
Health,http://www.jama.jamanetwork.com
Health,http://www.ewg.org/skindeep/
Health,http://www.nimh.nih.gov
Health,http://www.mdanderson.org
Health,http://www.epic.com
Health,http://www.greatclips.com
Health,http://www.webmd.com/depression/default.htm
Health,http://www.familydoctor.org
Health,http://www.naturallycurly.com
Health,http://www.tums.ac.ir
Health,http://www.massageenvy.com
Health,http://www.cqu.edu.au
Health,http://www.webmd.com/cancer
Health,http://www.cdc.gov/nchs/
Health,http://www.mskcc.org
Health,http://www.ama-assn.org
Health,http://www.cdc.gov/vaccines/
Health,http://www.montgomerycountymd.gov
Health,http://www.ahrq.gov
Health,http://www.stjude.org
Health,http://www.ideafit.com
Health,http://www.breastcancer.org
Health,http://www.ninds.nih.gov
Health,http://www.nutrition.org
Health,http://www.samhsa.gov
Health,http://www.kevinmd.com
